PRAGMA defer_foreign_keys=TRUE;
CREATE TABLE students (
  id TEXT PRIMARY KEY, -- 学籍番号
  name TEXT NOT NULL,
  parent_birthday TEXT -- 親の誕生日 (4桁)
, is_completed INTEGER DEFAULT 0, parent_email TEXT);
INSERT INTO "students" ("id","name","parent_birthday","is_completed","parent_email") VALUES('24JZ0101','相田航平','0000',0,NULL);
INSERT INTO "students" ("id","name","parent_birthday","is_completed","parent_email") VALUES('24JZ0107','磯宇宙','0000',0,NULL);
INSERT INTO "students" ("id","name","parent_birthday","is_completed","parent_email") VALUES('24JZ0108','板橋涼介','0000',0,NULL);
INSERT INTO "students" ("id","name","parent_birthday","is_completed","parent_email") VALUES('24JZ0113','小原大輝','0000',0,NULL);
INSERT INTO "students" ("id","name","parent_birthday","is_completed","parent_email") VALUES('24JZ0116','児玉陽向','0000',0,NULL);
INSERT INTO "students" ("id","name","parent_birthday","is_completed","parent_email") VALUES('24JZ0117','小林蒼生','0000',0,NULL);
INSERT INTO "students" ("id","name","parent_birthday","is_completed","parent_email") VALUES('24JZ0119','古俣暁日','0000',0,NULL);
INSERT INTO "students" ("id","name","parent_birthday","is_completed","parent_email") VALUES('24JZ0121','紺野大輝','0000',0,NULL);
INSERT INTO "students" ("id","name","parent_birthday","is_completed","parent_email") VALUES('24JZ0122','齋藤颯音','0000',0,NULL);
INSERT INTO "students" ("id","name","parent_birthday","is_completed","parent_email") VALUES('24JZ0123','菅澤来也','0000',0,NULL);
INSERT INTO "students" ("id","name","parent_birthday","is_completed","parent_email") VALUES('24JZ0128','高橋晴','0000',0,NULL);
INSERT INTO "students" ("id","name","parent_birthday","is_completed","parent_email") VALUES('24JZ0131','杜本新','0000',0,NULL);
INSERT INTO "students" ("id","name","parent_birthday","is_completed","parent_email") VALUES('24JZ0133','中野慎吾','0000',0,NULL);
INSERT INTO "students" ("id","name","parent_birthday","is_completed","parent_email") VALUES('24JZ0136','原田朔','0000',0,NULL);
INSERT INTO "students" ("id","name","parent_birthday","is_completed","parent_email") VALUES('24JZ0138','福田大峨','0000',0,NULL);
INSERT INTO "students" ("id","name","parent_birthday","is_completed","parent_email") VALUES('24JZ0141','峰岸頼杜','0000',0,NULL);
INSERT INTO "students" ("id","name","parent_birthday","is_completed","parent_email") VALUES('24JZ0142','深山虎鉄','0000',0,NULL);
INSERT INTO "students" ("id","name","parent_birthday","is_completed","parent_email") VALUES('24JZ0143','村田陽介','0000',0,NULL);
INSERT INTO "students" ("id","name","parent_birthday","is_completed","parent_email") VALUES('24JZ0144','村松拓哉','0000',0,NULL);
INSERT INTO "students" ("id","name","parent_birthday","is_completed","parent_email") VALUES('24JZ0145','村松怜加','0000',0,NULL);
CREATE TABLE applications (
  id INTEGER PRIMARY KEY AUTOINCREMENT,
  student_id TEXT NOT NULL,
  company_name TEXT NOT NULL,
  job_title TEXT,
  hojin_number TEXT,
  status TEXT DEFAULT '予定', -- 予定, 選考中, 内定, 終了
  current_step TEXT DEFAULT '未着手', -- 一次面接、SPIなど
  steps_json TEXT,
  memo TEXT,
  updated_at DATETIME DEFAULT CURRENT_TIMESTAMP,
  FOREIGN KEY (student_id) REFERENCES students(id)
);
INSERT INTO "applications" ("id","student_id","company_name","job_title","hojin_number","status","current_step","steps_json","memo","updated_at") VALUES(5,'24JZ0128','キャロルシステム株式会社','SE','3011001006461','内定','未着手','[{"name":"最終面接","date":"2026-03-12","result":"合格"},{"name":"内定前面談","date":"2026-03-31","result":""}]',replace('OfferBox 志望度: 高　Webアプリ開発に強いが、インフラやレガシーシステムの移行、SESなども\n５月上旬に再度連絡が来るので、そのタイミングで内定承諾設定','\n',char(10)),'2026-04-06 12:24:45');
INSERT INTO "applications" ("id","student_id","company_name","job_title","hojin_number","status","current_step","steps_json","memo","updated_at") VALUES(6,'24JZ0119','株式会社ＳＩＮＣＥＲＥ',NULL,'1010901030655','終了','未着手','[{"name":"最終面接","date":"2026-03-31","result":"不合格"}]',NULL,'2026-04-02 05:27:38');
INSERT INTO "applications" ("id","student_id","company_name","job_title","hojin_number","status","current_step","steps_json","memo","updated_at") VALUES(7,'24JZ0128','株式会社クレイトソリューションズ','SE','2290001015735','終了','未着手','[{"name":"書類選考・適性検査","date":"2026-03-09","result":"合格"},{"name":"一次面接（グループ面接）","date":"2026-03-26","result":"不合格"}]','OfferBox 志望度: 中','2026-03-27 01:01:36');
INSERT INTO "applications" ("id","student_id","company_name","job_title","hojin_number","status","current_step","steps_json","memo","updated_at") VALUES(8,'24JZ0128','セントラルソフト株式会社','SE','8010001021078','終了','未着手','[{"name":"適性検査・書類選考","date":"2026-03-25","result":"辞退"}]','合同企業説明会 志望度: 中','2026-03-19 03:17:51');
INSERT INTO "applications" ("id","student_id","company_name","job_title","hojin_number","status","current_step","steps_json","memo","updated_at") VALUES(9,'24JZ0128','株式会社エクスライズ','SE','8011001057789','終了','未着手','[{"name":"最終面接・試験","date":"2026-03-19","result":"不合格"}]','OfferBox 志望度: 高　ワークライフバランス重視','2026-04-10 06:12:28');
INSERT INTO "applications" ("id","student_id","company_name","job_title","hojin_number","status","current_step","steps_json","memo","updated_at") VALUES(10,'24JZ0119','ＲＩＺＡＰグループ株式会社','WEBエンジニア','2011201012987','終了','未着手','[{"name":"カジュアル面談","date":"2026-03-09","result":"合格"},{"name":"一次面接","date":"2026-03-27","result":"不合格"}]',NULL,'2026-04-02 05:27:15');
INSERT INTO "applications" ("id","student_id","company_name","job_title","hojin_number","status","current_step","steps_json","memo","updated_at") VALUES(11,'24JZ0128','株式会社ネクスタム','SE','7010901023331','終了','未着手','[{"name":"一次面接","date":"2026-03-16","result":"合格"},{"name":"二次面接・適性検査","date":"2026-03-31","result":"不合格"}]','OfferBox 志望度: 中','2026-04-06 06:23:13');
INSERT INTO "applications" ("id","student_id","company_name","job_title","hojin_number","status","current_step","steps_json","memo","updated_at") VALUES(12,'24JZ0128','株式会社ラデックス','SE','9010501019389','終了','未着手','[{"name":"説明会・１次選考","date":"2026-03-18","result":"不合格"}]','合同企業説明会 志望度: 高　ワークライフバランス重視　社会インフラやいITインフラといった、社会への貢献度が高い分野','2026-03-25 07:34:18');
INSERT INTO "applications" ("id","student_id","company_name","job_title","hojin_number","status","current_step","steps_json","memo","updated_at") VALUES(13,'24JZ0117','株式会社共立ソリューションズ',NULL,'4010001066795','終了','未着手','[{"name":"一次面接・筆記試験","date":"2026-03-13","result":"不合格"}]',NULL,'2026-04-23 00:47:25');
INSERT INTO "applications" ("id","student_id","company_name","job_title","hojin_number","status","current_step","steps_json","memo","updated_at") VALUES(14,'24JZ0128','ＳＢ　Ｃ＆Ｓ株式会社','SE','3010401111111','終了','未着手','[{"name":"適性検査","date":"2026-03-13","result":"不合格"}]','OfferBox 志望度: 低　社内SE　社会貢献をしつつ受託開発をやりたい身としては優先度は低いか','2026-03-14 00:07:25');
INSERT INTO "applications" ("id","student_id","company_name","job_title","hojin_number","status","current_step","steps_json","memo","updated_at") VALUES(15,'24JZ0128','株式会社エヌ・エス・ディ','SE','4012801006476','終了','未着手','[{"name":"一次面接","date":"2026-03-16","result":"合格"},{"name":"二次面接・適性検査","date":"2026-03-27","result":"合格"},{"name":"最終面接","date":"2026-04-07","result":"不合格"}]','進級制作展・合同企業説明会 志望度: 高　災害関連のシステム等で社会貢献度高い','2026-04-10 08:50:35');
INSERT INTO "applications" ("id","student_id","company_name","job_title","hojin_number","status","current_step","steps_json","memo","updated_at") VALUES(16,'24JZ0128','株式会社ＢＲＥＸＡ　Ｔｅｃｈｎｏｌｏｇｙ','SE','7010001146074','終了','未着手','[{"name":"一次面接","date":"2026-03-06","result":"不合格"}]','Paiza 志望度: 中','2026-03-10 06:42:48');
INSERT INTO "applications" ("id","student_id","company_name","job_title","hojin_number","status","current_step","steps_json","memo","updated_at") VALUES(17,'24JZ0128','株式会社東京技術計算コンサルタント','SE','5010001034090','終了','未着手','[{"name":"適性検査","date":"2026-03-17","result":"合格"},{"name":"二次面接・適性検査","date":"2026-04-02","result":"合格"},{"name":"最終面接","date":"2026-04-08","result":"合格"},{"name":"","date":"2026-05-01","result":"辞退"}]','進級制作展　内々定辞退','2026-05-01 10:45:51');
INSERT INTO "applications" ("id","student_id","company_name","job_title","hojin_number","status","current_step","steps_json","memo","updated_at") VALUES(23,'24JZ0122','株式会社グロップエスシー',NULL,'3260001028680','終了','未着手','[{"name":"二次面接","date":"2026-03-11","result":"合格"},{"name":"SPI適性検査(3/26迄)","date":"2026-03-11","result":"不合格"},{"name":"","date":"2026-05-18","result":""}]',NULL,'2026-05-18 07:42:20');
INSERT INTO "applications" ("id","student_id","company_name","job_title","hojin_number","status","current_step","steps_json","memo","updated_at") VALUES(24,'24JZ0142','株式会社グロップエスシー','開発','3260001028680','終了','未着手','[{"name":"一次面接・会社説明会","date":"2026-02-24","result":"合格"},{"name":"二次面接","date":"2026-03-11","result":"不合格"}]',NULL,'2026-05-11 06:44:32');
INSERT INTO "applications" ("id","student_id","company_name","job_title","hojin_number","status","current_step","steps_json","memo","updated_at") VALUES(25,'24JZ0142','東京計算技術コンサルタント','開発','','終了','未着手','[{"name":"会社説明会","date":"2026-02-24","result":"合格"},{"name":"web試験","date":"2026-03-16","result":"合格"},{"name":"一次面接","date":"2026-05-08","result":"合格"},{"name":"二次面接","date":"2026-05-08","result":"合格"},{"name":"三次面接","date":"2026-05-08","result":"不合格"}]',NULL,'2026-05-11 06:44:19');
INSERT INTO "applications" ("id","student_id","company_name","job_title","hojin_number","status","current_step","steps_json","memo","updated_at") VALUES(26,'24JZ0121','株式会社ＳＨＩＦＴ',NULL,'1130001049163','終了','未着手','[{"name":"面接","date":"2026-02-14","result":"不合格"}]',NULL,'2026-03-26 15:38:59');
INSERT INTO "applications" ("id","student_id","company_name","job_title","hojin_number","status","current_step","steps_json","memo","updated_at") VALUES(27,'24JZ0121','アクセンチュア株式会社',NULL,'7010401001556','終了','未着手','[{"name":"適性検査","date":"2026-02-25","result":"不合格"}]',NULL,'2026-04-01 05:32:24');
INSERT INTO "applications" ("id","student_id","company_name","job_title","hojin_number","status","current_step","steps_json","memo","updated_at") VALUES(28,'24JZ0121','株式会社パソナ',NULL,'1010001067359','終了','未着手','[{"name":"","date":"2026-03-11","result":"不合格"}]',NULL,'2026-03-26 15:38:51');
INSERT INTO "applications" ("id","student_id","company_name","job_title","hojin_number","status","current_step","steps_json","memo","updated_at") VALUES(29,'24JZ0128','月電ソフトウェア株式会社','SE','','終了','未着手','[{"name":"説明会","date":"2026-03-10","result":"辞退"}]','Paiza 志望度: 中','2026-03-19 03:17:53');
INSERT INTO "applications" ("id","student_id","company_name","job_title","hojin_number","status","current_step","steps_json","memo","updated_at") VALUES(30,'24JZ0143','株式会社SMSデータテック',NULL,'','終了','未着手','[{"name":"面接","date":"2026-03-12","result":"不合格"}]',NULL,'2026-05-18 02:02:39');
INSERT INTO "applications" ("id","student_id","company_name","job_title","hojin_number","status","current_step","steps_json","memo","updated_at") VALUES(31,'24JZ0116','株式会社ＹＡＺ',NULL,'5340001026930','終了','未着手','[{"name":"面接","date":"2026-03-13","result":"不合格"},{"name":"","date":"2026-04-13","result":""}]',NULL,'2026-04-22 01:49:43');
INSERT INTO "applications" ("id","student_id","company_name","job_title","hojin_number","status","current_step","steps_json","memo","updated_at") VALUES(32,'24JZ0144','株式会社インテックソリューションパワー',NULL,'3011001039098','終了','未着手',NULL,NULL,'2026-04-10 01:27:40');
INSERT INTO "applications" ("id","student_id","company_name","job_title","hojin_number","status","current_step","steps_json","memo","updated_at") VALUES(34,'24JZ0119','株式会社パワーハウス','ソフトウェアエンジニア','1230001002558','選考中','未着手','[{"name":"一次面接","date":"2026-03-17","result":"合格"},{"name":"最終面接","date":"2026-04-03","result":""}]',NULL,'2026-03-19 06:41:38');
INSERT INTO "applications" ("id","student_id","company_name","job_title","hojin_number","status","current_step","steps_json","memo","updated_at") VALUES(35,'24JZ0119','フェンリル株式会社','ソフトウェアエンジニア(Android)','2120001113134','終了','未着手','[{"name":"一次面接","date":"2026-03-16","result":"合格"},{"name":"プログラミング課題","date":"2026-03-25","result":"不合格"}]',NULL,'2026-04-28 07:03:12');
INSERT INTO "applications" ("id","student_id","company_name","job_title","hojin_number","status","current_step","steps_json","memo","updated_at") VALUES(36,'24JZ0128','株式会社エイジング','SE','1040001042177','終了','未着手','[{"name":"説明会","date":"2026-03-11","result":""},{"name":"1次面接","date":"2026-04-16","result":"辞退"}]','Paiza　志望度:??　説明会に不備があり資料が表示されていなかったので判断できず　','2026-05-01 10:46:47');
INSERT INTO "applications" ("id","student_id","company_name","job_title","hojin_number","status","current_step","steps_json","memo","updated_at") VALUES(37,'24JZ0117','株式会社ソリューションジャパン',NULL,'4010401153359','終了','未着手','[{"name":"一次面接","date":"2026-03-12","result":"不合格"}]',NULL,'2026-04-23 00:47:21');
INSERT INTO "applications" ("id","student_id","company_name","job_title","hojin_number","status","current_step","steps_json","memo","updated_at") VALUES(39,'24JZ0108','株式会社電通デジタル',NULL,'5010001086470','終了','未着手','[{"name":"スキルテスト(プログラミング)","date":"2025-10-30","result":"合格"},{"name":"1次面接","date":"2025-11-19","result":"不合格"}]',NULL,'2026-03-13 02:45:44');
INSERT INTO "applications" ("id","student_id","company_name","job_title","hojin_number","status","current_step","steps_json","memo","updated_at") VALUES(42,'24JZ0107','株式会社レンサ',NULL,'8090001007557','終了','未着手','[{"name":"最終面接","date":"2026-03-19","result":"辞退"}]',NULL,'2026-04-10 01:08:02');
INSERT INTO "applications" ("id","student_id","company_name","job_title","hojin_number","status","current_step","steps_json","memo","updated_at") VALUES(43,'24JZ0107','株式会社アペックス 法人番号: 5013301000811',NULL,'','終了','未着手','[{"name":"一次面接","date":"2026-03-16","result":"合格"},{"name":"二次面接","date":"2026-03-27","result":"不合格"}]',NULL,'2026-04-10 01:08:39');
INSERT INTO "applications" ("id","student_id","company_name","job_title","hojin_number","status","current_step","steps_json","memo","updated_at") VALUES(44,'24JZ0107','株式会社ピーエスシー 法人番号: 4010401024691',NULL,'','内定','未着手','[{"name":"一次面接","date":"2026-03-25","result":"合格"},{"name":"最終面接","date":"2026-04-09","result":"合格"}]',NULL,'2026-04-22 03:11:27');
INSERT INTO "applications" ("id","student_id","company_name","job_title","hojin_number","status","current_step","steps_json","memo","updated_at") VALUES(45,'24JZ0117','セントラルソフト株式会社',NULL,'8010001021078','終了','未着手','[{"name":"書類審査","date":"2026-03-16","result":"不合格"}]',NULL,'2026-04-23 00:47:23');
INSERT INTO "applications" ("id","student_id","company_name","job_title","hojin_number","status","current_step","steps_json","memo","updated_at") VALUES(46,'24JZ0123','ＡＢＣシステム株式会社',NULL,'5390001000344','終了','未着手','[{"name":"セミナー","date":"2026-03-18","result":""}]',NULL,'2026-04-22 03:06:47');
INSERT INTO "applications" ("id","student_id","company_name","job_title","hojin_number","status","current_step","steps_json","memo","updated_at") VALUES(47,'24JZ0142','株式会社コープシステムサービス',NULL,'5160001013798','終了','未着手','[{"name":"エントリー","date":"2026-03-10","result":"合格"},{"name":"一次面接","date":"2026-03-27","result":"合格"},{"name":"二次面接","date":"2026-05-08","result":"不合格"}]',NULL,'2026-05-11 06:44:29');
INSERT INTO "applications" ("id","student_id","company_name","job_title","hojin_number","status","current_step","steps_json","memo","updated_at") VALUES(48,'24JZ0133','東芝テックソリューションサービス株式会社','CE','8010601025453','選考中','未着手','[{"name":"最終面接","date":"2026-02-24","result":""},{"name":"","date":"2026-03-18","result":""}]',NULL,'2026-03-18 04:54:39');
INSERT INTO "applications" ("id","student_id","company_name","job_title","hojin_number","status","current_step","steps_json","memo","updated_at") VALUES(53,'24JZ0113','株式会社エイチフロンティア',NULL,'9010901043039','内定','未着手','[]',NULL,'2026-03-18 17:25:44');
INSERT INTO "applications" ("id","student_id","company_name","job_title","hojin_number","status","current_step","steps_json","memo","updated_at") VALUES(54,'24JZ0117','株式会社ヒューマンキャピタル',NULL,'2010401004992','終了','未着手','[{"name":"一次面接","date":"2026-03-19","result":"合格"}]',NULL,'2026-04-23 00:47:22');
INSERT INTO "applications" ("id","student_id","company_name","job_title","hojin_number","status","current_step","steps_json","memo","updated_at") VALUES(55,'24JZ0136','東芝テックソリューションサービス株式会社',NULL,'8010601025453','終了','未着手','[{"name":"最終面接","date":"2026-03-17","result":"不合格"}]','好感触','2026-04-15 00:21:26');
INSERT INTO "applications" ("id","student_id","company_name","job_title","hojin_number","status","current_step","steps_json","memo","updated_at") VALUES(56,'24JZ0136','株式会社グロップエスシー',NULL,'3260001028680','終了','未着手','[{"name":"第一回集団面接","date":"2026-03-25","result":"不合格"}]',NULL,'2026-04-15 00:21:20');
INSERT INTO "applications" ("id","student_id","company_name","job_title","hojin_number","status","current_step","steps_json","memo","updated_at") VALUES(57,'24JZ0117','株式会社ヒューマンキャピタル',NULL,'2010401004992','終了','未着手','[{"name":"最終選考","date":"2026-04-08","result":"不合格"}]',NULL,'2026-04-23 00:47:20');
INSERT INTO "applications" ("id","student_id","company_name","job_title","hojin_number","status","current_step","steps_json","memo","updated_at") VALUES(58,'24JZ0117','ＡＢＣシステム株式会社',NULL,'5390001000344','終了','未着手','[{"name":"一次選考","date":"2026-04-09","result":"辞退"}]',NULL,'2026-04-23 00:47:18');
INSERT INTO "applications" ("id","student_id","company_name","job_title","hojin_number","status","current_step","steps_json","memo","updated_at") VALUES(59,'24JZ0128','日本ノーベル株式会社','SE','1011501003547','終了','未着手','[{"name":"適性検査","date":"2026-03-26","result":"合格"},{"name":"１次面接","date":"2026-05-01","result":"不合格"}]','Paiza　志望度:高　独立系、１次～２次請けメイン　様々な分野　海外売上あり','2026-05-01 10:45:36');
INSERT INTO "applications" ("id","student_id","company_name","job_title","hojin_number","status","current_step","steps_json","memo","updated_at") VALUES(60,'24JZ0128','株式会社ＹＡＺ','SE','5340001026930','選考中','未着手','[{"name":"書類選考","date":"2026-03-26","result":"合格"},{"name":"１時面接","date":"2026-05-12","result":"合格"}]','Paiza 志望度:中','2026-05-18 00:40:42');
INSERT INTO "applications" ("id","student_id","company_name","job_title","hojin_number","status","current_step","steps_json","memo","updated_at") VALUES(61,'24JZ0121','株式会社バリューソフトウエア',NULL,'4010401059705','終了','未着手','[{"name":"説明会","date":"2026-03-30","result":""}]',NULL,'2026-04-22 02:17:16');
INSERT INTO "applications" ("id","student_id","company_name","job_title","hojin_number","status","current_step","steps_json","memo","updated_at") VALUES(62,'24JZ0121','株式会社アイリス',NULL,'1010001150040','内定','未着手','[{"name":"一次面接","date":"2026-03-31","result":"合格"},{"name":"最終面接","date":"2026-04-21","result":"合格"}]',NULL,'2026-05-19 02:04:05');
INSERT INTO "applications" ("id","student_id","company_name","job_title","hojin_number","status","current_step","steps_json","memo","updated_at") VALUES(63,'24JZ0144','株式会社アクト',NULL,'1010001009674','内定','未着手',NULL,NULL,'2026-04-10 01:28:05');
INSERT INTO "applications" ("id","student_id","company_name","job_title","hojin_number","status","current_step","steps_json","memo","updated_at") VALUES(64,'24JZ0144','株式会社ロココ',NULL,'1120001179184','選考中','未着手','[{"name":"最終面接","date":"2026-04-22","result":""}]',NULL,'2026-04-10 01:28:52');
INSERT INTO "applications" ("id","student_id","company_name","job_title","hojin_number","status","current_step","steps_json","memo","updated_at") VALUES(65,'24JZ0108','イオンスマートテクノロジー株式会社',NULL,'5040001115623','選考中','未着手','[{"name":"説明会","date":"2026-04-21","result":"合格"},{"name":"書類・適正検査・Webコーディングテスト","date":"2026-05-11","result":""}]',NULL,'2026-04-23 00:28:29');
INSERT INTO "applications" ("id","student_id","company_name","job_title","hojin_number","status","current_step","steps_json","memo","updated_at") VALUES(66,'24JZ0116','株式会社インフォディオ',NULL,'4010001079467','終了','未着手','[{"name":"面接","date":"2026-04-13","result":"不合格"},{"name":"","date":"2026-04-13","result":""}]',NULL,'2026-04-22 01:49:39');
INSERT INTO "applications" ("id","student_id","company_name","job_title","hojin_number","status","current_step","steps_json","memo","updated_at") VALUES(67,'24JZ0119','株式会社ミツエーリンクス',NULL,'6011101040432','終了','未着手','[{"name":"一次面接","date":"2026-04-13","result":"合格"},{"name":"最終面接","date":"2026-04-16","result":"不合格"}]',NULL,'2026-04-24 07:12:40');
INSERT INTO "applications" ("id","student_id","company_name","job_title","hojin_number","status","current_step","steps_json","memo","updated_at") VALUES(68,'24JZ0121','株式会社中央コンピュータシステム',NULL,'6020001077121','終了','未着手','[{"name":"一次面接","date":"2026-05-08","result":""}]',NULL,'2026-05-19 00:24:00');
INSERT INTO "applications" ("id","student_id","company_name","job_title","hojin_number","status","current_step","steps_json","memo","updated_at") VALUES(69,'24JZ0136','株式会社パソナ',NULL,'','終了','未着手','[{"name":"","date":"2026-05-08","result":"不合格"}]','誤入力','2026-05-19 00:53:17');
INSERT INTO "applications" ("id","student_id","company_name","job_title","hojin_number","status","current_step","steps_json","memo","updated_at") VALUES(70,'24JZ0136','株式会社パソナグループ',NULL,'','終了','未着手','[{"name":"会社説明会","date":"2026-04-15","result":"不合格"},{"name":"","date":"2026-04-15","result":""}]',NULL,'2026-05-19 00:53:56');
INSERT INTO "applications" ("id","student_id","company_name","job_title","hojin_number","status","current_step","steps_json","memo","updated_at") VALUES(71,'24JZ0136','ID',NULL,'','終了','未着手',NULL,'誤入力','2026-04-15 00:30:49');
INSERT INTO "applications" ("id","student_id","company_name","job_title","hojin_number","status","current_step","steps_json","memo","updated_at") VALUES(72,'24JZ0136','株式会社IDホールディングス',NULL,'','終了','未着手','[{"name":"会社説明会","date":"2026-04-17","result":"不合格"}]',NULL,'2026-05-19 00:54:01');
INSERT INTO "applications" ("id","student_id","company_name","job_title","hojin_number","status","current_step","steps_json","memo","updated_at") VALUES(73,'24JZ0136','株式会社東京技術計算コンサルタント',NULL,'','終了','未着手','[{"name":"会社説明会","date":"2026-04-17","result":"不合格"}]',NULL,'2026-05-19 00:54:04');
INSERT INTO "applications" ("id","student_id","company_name","job_title","hojin_number","status","current_step","steps_json","memo","updated_at") VALUES(74,'24JZ0136','株式会社クレスコ',NULL,'1011101037672','終了','未着手','[{"name":"会社説明会","date":"2026-04-22","result":"不合格"}]',NULL,'2026-05-19 00:54:06');
INSERT INTO "applications" ("id","student_id","company_name","job_title","hojin_number","status","current_step","steps_json","memo","updated_at") VALUES(75,'24JZ0141','アテック','技術職','','内定','未着手','[]','辞退済','2026-05-13 00:12:52');
INSERT INTO "applications" ("id","student_id","company_name","job_title","hojin_number","status","current_step","steps_json","memo","updated_at") VALUES(76,'24JZ0141','intloop','コンサル','','終了','未着手','[{"name":"最終","date":"2026-05-11","result":""}]','','2026-05-13 03:24:27');
INSERT INTO "applications" ("id","student_id","company_name","job_title","hojin_number","status","current_step","steps_json","memo","updated_at") VALUES(77,'24JZ0141','株式会社アソウ・アルファ','技術職','8290001006051','内定','未着手',NULL,'ここにする','2026-05-18 00:41:04');
INSERT INTO "applications" ("id","student_id","company_name","job_title","hojin_number","status","current_step","steps_json","memo","updated_at") VALUES(78,'24JZ0141','テクノプロIT','技術職','','終了','未着手','[{"name":"","date":"2026-04-17","result":"不合格"}]','落とすなよ！！！！！！','2026-05-07 03:55:35');
INSERT INTO "applications" ("id","student_id","company_name","job_title","hojin_number","status","current_step","steps_json","memo","updated_at") VALUES(79,'24JZ0141','株式会社パワーエッジ','技術職','2013301019714','終了','未着手','[{"name":"","date":"2026-04-06","result":"不合格"}]','普通に落ちた','2026-04-21 03:56:30');
INSERT INTO "applications" ("id","student_id","company_name","job_title","hojin_number","status","current_step","steps_json","memo","updated_at") VALUES(80,'24JZ0141','株式会社ＢＲＥＸＡ　Ｔｅｃｈｎｏｌｏｇｙ','技術職','7010001146074','終了','未着手','[{"name":"","date":"2026-03-17","result":"辞退"}]',replace('最終で落ちた\nなぜ？？？？','\n',char(10)),'2026-04-21 03:53:02');
INSERT INTO "applications" ("id","student_id","company_name","job_title","hojin_number","status","current_step","steps_json","memo","updated_at") VALUES(81,'24JZ0141','株式会社弥生','技術職','9410001012713','終了','未着手','[{"name":"","date":"2026-03-12","result":"不合格"}]',replace('普通に落ちた\n志望度は高かった、、、、、、','\n',char(10)),'2026-04-21 03:52:15');
INSERT INTO "applications" ("id","student_id","company_name","job_title","hojin_number","status","current_step","steps_json","memo","updated_at") VALUES(82,'24JZ0141','SMS データテック','技術職','','終了','未着手','[{"name":"","date":"2026-02-18","result":""}]','GM','2026-04-21 03:52:35');
INSERT INTO "applications" ("id","student_id","company_name","job_title","hojin_number","status","current_step","steps_json","memo","updated_at") VALUES(83,'24JZ0136','株式会社ブライセン',NULL,'6010701015653','終了','未着手','[{"name":"会社説明会","date":"2026-04-22","result":"不合格"}]',NULL,'2026-05-19 00:53:50');
INSERT INTO "applications" ("id","student_id","company_name","job_title","hojin_number","status","current_step","steps_json","memo","updated_at") VALUES(84,'24JZ0116','株式会社ディマージシェア',NULL,'4010001084475','終了','未着手','[{"name":"面接","date":"2026-04-20","result":""}]',NULL,'2026-05-18 23:51:09');
INSERT INTO "applications" ("id","student_id","company_name","job_title","hojin_number","status","current_step","steps_json","memo","updated_at") VALUES(85,'24JZ0116','マンパワーグループ株式会社',NULL,'5020001016039','内定','未着手','[{"name":"面接","date":"2026-04-20","result":"合格"}]',NULL,'2026-05-08 00:14:01');
INSERT INTO "applications" ("id","student_id","company_name","job_title","hojin_number","status","current_step","steps_json","memo","updated_at") VALUES(86,'24JZ0121','SMSデータテック',NULL,'','終了','未着手','[{"name":"最終面接","date":"2026-04-28","result":""}]',NULL,'2026-05-19 00:19:21');
INSERT INTO "applications" ("id","student_id","company_name","job_title","hojin_number","status","current_step","steps_json","memo","updated_at") VALUES(87,'24JZ0121','株式会社ブライセン',NULL,'6010701015653','終了','未着手','[{"name":"説明会","date":"2026-04-22","result":""}]',NULL,'2026-05-19 00:24:21');
INSERT INTO "applications" ("id","student_id","company_name","job_title","hojin_number","status","current_step","steps_json","memo","updated_at") VALUES(88,'24JZ0121','株式会社ＤＴＳ',NULL,'1020001118037','選考中','未着手','[{"name":"説明会","date":"2026-04-23","result":""}]',NULL,'2026-04-22 02:12:27');
INSERT INTO "applications" ("id","student_id","company_name","job_title","hojin_number","status","current_step","steps_json","memo","updated_at") VALUES(89,'24JZ0121','マンパワーグループ株式会社',NULL,'5020001016039','選考中','未着手','[{"name":"一次面接","date":"2026-04-28","result":"合格"},{"name":"最終面接","date":"2026-05-15","result":""}]',NULL,'2026-05-19 00:22:35');
INSERT INTO "applications" ("id","student_id","company_name","job_title","hojin_number","status","current_step","steps_json","memo","updated_at") VALUES(90,'24JZ0121','株式会社クリーブ',NULL,'1010001095855','選考中','未着手','[{"name":"二次面接","date":"2026-04-30","result":"合格"},{"name":"最終面接","date":"2026-05-27","result":""}]',NULL,'2026-05-19 00:23:25');
INSERT INTO "applications" ("id","student_id","company_name","job_title","hojin_number","status","current_step","steps_json","memo","updated_at") VALUES(91,'24JZ0143','株式会社ピーエスシー',NULL,'4010401024691','選考中','未着手','[{"name":"最終面接","date":"2026-06-01","result":""}]',NULL,'2026-05-18 03:28:35');
INSERT INTO "applications" ("id","student_id","company_name","job_title","hojin_number","status","current_step","steps_json","memo","updated_at") VALUES(92,'24JZ0123','株式会社アルトナー',NULL,'6140001047590','選考中','未着手','[{"name":"説明会","date":"2026-04-23","result":"辞退"}]',NULL,'2026-04-23 05:55:49');
INSERT INTO "applications" ("id","student_id","company_name","job_title","hojin_number","status","current_step","steps_json","memo","updated_at") VALUES(93,'24JZ0123','株式会社ウィルテック',NULL,'1040001049882','選考中','未着手','[{"name":"説明会","date":"2026-05-08","result":""},{"name":"面接","date":"2026-05-20","result":""}]',NULL,'2026-05-18 02:13:53');
INSERT INTO "applications" ("id","student_id","company_name","job_title","hojin_number","status","current_step","steps_json","memo","updated_at") VALUES(94,'24JZ0123','株式会社アソウ・アルファ',NULL,'8290001006051','選考中','未着手','[{"name":"説明会","date":"2026-05-09","result":""},{"name":"面接","date":"2026-05-18","result":""}]',NULL,'2026-05-18 03:06:47');
INSERT INTO "applications" ("id","student_id","company_name","job_title","hojin_number","status","current_step","steps_json","memo","updated_at") VALUES(95,'24JZ0123','株式会社テクノプロ',NULL,'2010401069169','選考中','未着手','[{"name":"説明会","date":"2026-04-23","result":""}]',NULL,'2026-04-23 05:56:19');
INSERT INTO "applications" ("id","student_id","company_name","job_title","hojin_number","status","current_step","steps_json","memo","updated_at") VALUES(96,'24JZ0131','マンパワーグループ株式会社',NULL,'5020001016039','終了','未着手','[{"name":"会社説明会 ＋ 入社試験","date":"2026-05-07","result":"不合格"}]',NULL,'2026-05-19 01:45:14');
INSERT INTO "applications" ("id","student_id","company_name","job_title","hojin_number","status","current_step","steps_json","memo","updated_at") VALUES(97,'24JZ0131','アイエックス・ナレッジ株式会社',NULL,'5010401047403','選考中','未着手','[{"name":"会社説明会 ＋ 入社試験","date":"2026-05-14","result":""}]',NULL,'2026-04-23 00:31:07');
INSERT INTO "applications" ("id","student_id","company_name","job_title","hojin_number","status","current_step","steps_json","memo","updated_at") VALUES(98,'24JZ0131','株式会社アーキテクトコア',NULL,'5010001094985','終了','未着手','[{"name":"面接","date":"2026-04-30","result":"不合格"}]',NULL,'2026-05-19 01:45:16');
INSERT INTO "applications" ("id","student_id","company_name","job_title","hojin_number","status","current_step","steps_json","memo","updated_at") VALUES(99,'24JZ0131','株式会社シンメトリクス',NULL,'8010501033325','終了','未着手','[{"name":"書類応募","date":"2026-04-10","result":"不合格"}]',NULL,'2026-05-13 04:10:05');
INSERT INTO "applications" ("id","student_id","company_name","job_title","hojin_number","status","current_step","steps_json","memo","updated_at") VALUES(100,'24JZ0131','株式会社ＬＩＧ',NULL,'8220001024885','終了','未着手','[{"name":"面接","date":"2025-11-14","result":"不合格"}]',NULL,'2026-05-13 04:10:02');
INSERT INTO "applications" ("id","student_id","company_name","job_title","hojin_number","status","current_step","steps_json","memo","updated_at") VALUES(101,'24JZ0117','ｓｏａｍ．ＩＣＴ株式会社',NULL,'5012401021057','終了','未着手','[{"name":"会社説明","date":"2026-04-23","result":""},{"name":"一次","date":"2026-04-30","result":"不合格"}]',NULL,'2026-05-11 01:31:30');
INSERT INTO "applications" ("id","student_id","company_name","job_title","hojin_number","status","current_step","steps_json","memo","updated_at") VALUES(102,'24JZ0145','株式会社ウルフ',NULL,'1290001038737','選考中','未着手','[{"name":"説明会","date":"2026-04-17","result":""}]',NULL,'2026-04-28 06:08:01');
INSERT INTO "applications" ("id","student_id","company_name","job_title","hojin_number","status","current_step","steps_json","memo","updated_at") VALUES(103,'24JZ0145','株式会社ＺＥＴＡ',NULL,'2120001180216','選考中','未着手','[{"name":"説明会","date":"2026-04-28","result":""}]',NULL,'2026-04-28 06:08:02');
INSERT INTO "applications" ("id","student_id","company_name","job_title","hojin_number","status","current_step","steps_json","memo","updated_at") VALUES(104,'24JZ0119','(株)ウェイブ','エンジニア','','選考中','未着手','[{"name":"書類選考","date":"2026-04-30","result":"合格"},{"name":"適性検査","date":"2026-05-08","result":"合格"},{"name":"1次面接","date":"2026-05-15","result":"合格"},{"name":"2次面接","date":"2026-05-25","result":""}]',NULL,'2026-05-19 00:51:59');
INSERT INTO "applications" ("id","student_id","company_name","job_title","hojin_number","status","current_step","steps_json","memo","updated_at") VALUES(105,'24JZ0119','ＮＨＮ　ＰｌａｙＡｒｔ株式会社','ゲームプランナー','4010401120747','選考中','未着手','[{"name":"書類選考","date":"2026-04-29","result":"合格"},{"name":"適性検査","date":"2026-05-05","result":""}]',NULL,'2026-05-11 01:30:11');
INSERT INTO "applications" ("id","student_id","company_name","job_title","hojin_number","status","current_step","steps_json","memo","updated_at") VALUES(106,'24JZ0119','株式会社カプコン','アプリケーションエンジニア','3120001077023','終了','未着手','[{"name":"書類選考","date":"2026-04-30","result":""},{"name":"","date":"2026-05-08","result":""}]',NULL,'2026-05-19 00:52:20');
INSERT INTO "applications" ("id","student_id","company_name","job_title","hojin_number","status","current_step","steps_json","memo","updated_at") VALUES(107,'24JZ0119','株式会社ホロンシステム',NULL,'4030001013473','終了','未着手','[{"name":"書類選考","date":"2026-04-30","result":"不合格"}]',NULL,'2026-05-19 00:53:17');
INSERT INTO "applications" ("id","student_id","company_name","job_title","hojin_number","status","current_step","steps_json","memo","updated_at") VALUES(108,'24JZ0142','Ｗ２株式会社',NULL,'3010401061595','選考中','未着手','[{"name":"技術テスト","date":"2026-05-08","result":""}]',NULL,'2026-05-08 00:21:45');
INSERT INTO "applications" ("id","student_id","company_name","job_title","hojin_number","status","current_step","steps_json","memo","updated_at") VALUES(109,'24JZ0119','株式会社ロココ',NULL,'1120001179184','選考中','未着手','[{"name":"一次面接","date":"2026-05-27","result":""},{"name":"","date":"2026-05-14","result":""}]',NULL,'2026-05-14 16:18:43');
INSERT INTO "applications" ("id","student_id","company_name","job_title","hojin_number","status","current_step","steps_json","memo","updated_at") VALUES(110,'24JZ0119','株式会社アクセスネット',NULL,'1290001006025','選考中','未着手','[{"name":"一次面接","date":"2026-05-29","result":""}]',NULL,'2026-05-15 06:07:57');
INSERT INTO "applications" ("id","student_id","company_name","job_title","hojin_number","status","current_step","steps_json","memo","updated_at") VALUES(111,'24JZ0122','マンパワーグループ株式会社',NULL,'5020001016039','内定','未着手','[{"name":"最終面接","date":"2026-05-12","result":"合格"},{"name":"内定","date":"2026-05-18","result":"合格"},{"name":"","date":"2026-05-18","result":""}]',NULL,'2026-05-18 07:42:22');
INSERT INTO "applications" ("id","student_id","company_name","job_title","hojin_number","status","current_step","steps_json","memo","updated_at") VALUES(112,'24JZ0119','シスココンサルティング株式会社',NULL,'6010001102581','選考中','未着手','[{"name":"書類選考","date":"2026-05-07","result":"合格"},{"name":"一次面接、筆記試験","date":"2026-05-15","result":""}]',NULL,'2026-05-11 01:29:22');
INSERT INTO "applications" ("id","student_id","company_name","job_title","hojin_number","status","current_step","steps_json","memo","updated_at") VALUES(115,'24JZ0145','株式会社テコテック',NULL,'6010401078661','選考中','未着手','[{"name":"カジュアル面談","date":"2026-05-21","result":""}]',NULL,'2026-05-12 06:12:20');
INSERT INTO "applications" ("id","student_id","company_name","job_title","hojin_number","status","current_step","steps_json","memo","updated_at") VALUES(116,'24JZ0117','株式会社宮川製作所',NULL,'1013201005740','選考中','未着手','[{"name":"カジュアル面談","date":"2026-05-14","result":""},{"name":"一次","date":"2026-05-18","result":""}]',NULL,'2026-05-18 00:40:53');
INSERT INTO "applications" ("id","student_id","company_name","job_title","hojin_number","status","current_step","steps_json","memo","updated_at") VALUES(117,'24JZ0119','ピクシブ株式会社',NULL,'2011001046319','選考中','未着手','[{"name":"書類審査","date":"2026-05-14","result":"合格"},{"name":"１次面接","date":"2026-05-21","result":""}]',NULL,'2026-05-14 16:19:55');
INSERT INTO "applications" ("id","student_id","company_name","job_title","hojin_number","status","current_step","steps_json","memo","updated_at") VALUES(118,'24JZ0143','日本コンピュータシステム株式会社',NULL,'2010401083715','選考中','未着手','[{"name":"一次面接","date":"2026-05-22","result":""}]',NULL,'2026-05-18 03:28:51');
INSERT INTO "applications" ("id","student_id","company_name","job_title","hojin_number","status","current_step","steps_json","memo","updated_at") VALUES(119,'24JZ0143','株式会社ソリューションジャパン',NULL,'4010401153359','選考中','未着手','[{"name":"一次面接","date":"2026-05-21","result":""}]',NULL,'2026-05-18 03:28:48');
INSERT INTO "applications" ("id","student_id","company_name","job_title","hojin_number","status","current_step","steps_json","memo","updated_at") VALUES(120,'24JZ0113','株式会社ブライセン',NULL,'6010701015653','選考中','未着手','[{"name":"面接","date":"2026-05-21","result":""}]',NULL,'2026-05-18 02:27:01');
INSERT INTO "applications" ("id","student_id","company_name","job_title","hojin_number","status","current_step","steps_json","memo","updated_at") VALUES(121,'24JZ0133','Ｗ２株式会社',NULL,'3010401061595','選考中','未着手','[{"name":"技術テスト","date":"2026-05-11","result":"合格"},{"name":"","date":"2026-05-18","result":""}]',NULL,'2026-05-18 02:57:16');
INSERT INTO "applications" ("id","student_id","company_name","job_title","hojin_number","status","current_step","steps_json","memo","updated_at") VALUES(122,'24JZ0133','株式会社アルトナー',NULL,'6140001047590','選考中','未着手','[{"name":"説明会","date":"2026-05-13","result":"合格"},{"name":"","date":"2026-05-18","result":""}]',NULL,'2026-05-18 02:58:20');
INSERT INTO "applications" ("id","student_id","company_name","job_title","hojin_number","status","current_step","steps_json","memo","updated_at") VALUES(123,'24JZ0133','パーソルクロステクノロジー株式会社',NULL,'3180001032055','選考中','未着手','[{"name":"説明会","date":"2026-05-07","result":"合格"}]',NULL,'2026-05-18 02:59:06');
INSERT INTO "applications" ("id","student_id","company_name","job_title","hojin_number","status","current_step","steps_json","memo","updated_at") VALUES(124,'24JZ0123','有限会社ワールドテック',NULL,'1030002050221','選考中','未着手','[{"name":"面接","date":"2026-05-21","result":""}]',NULL,'2026-05-18 03:07:41');
INSERT INTO "applications" ("id","student_id","company_name","job_title","hojin_number","status","current_step","steps_json","memo","updated_at") VALUES(125,'24JZ0121','株式会社アスパーク',NULL,'3120001112093','選考中','未着手','[{"name":"一次面接","date":"2026-05-21","result":""}]',NULL,'2026-05-19 00:25:30');
INSERT INTO "applications" ("id","student_id","company_name","job_title","hojin_number","status","current_step","steps_json","memo","updated_at") VALUES(126,'24JZ0121','Ｗ２株式会社',NULL,'3010401061595','選考中','未着手','[{"name":"一次面接","date":"2026-05-22","result":""}]',NULL,'2026-05-19 00:26:54');
INSERT INTO "applications" ("id","student_id","company_name","job_title","hojin_number","status","current_step","steps_json","memo","updated_at") VALUES(127,'24JZ0121','ウェイブ株式会社',NULL,'1010901045967','選考中','未着手','[{"name":"説明会","date":"2026-05-26","result":""}]',NULL,'2026-05-19 00:27:45');
INSERT INTO "applications" ("id","student_id","company_name","job_title","hojin_number","status","current_step","steps_json","memo","updated_at") VALUES(128,'24JZ0119','株式会社アシロ',NULL,'2011101060252','選考中','未着手',NULL,NULL,'2026-05-19 00:54:13');
INSERT INTO "applications" ("id","student_id","company_name","job_title","hojin_number","status","current_step","steps_json","memo","updated_at") VALUES(129,'24JZ0136','アドソル日進株式会社',NULL,'8010401052268','選考中','未着手','[{"name":"会社説明会","date":"2026-05-19","result":""},{"name":"","date":"2026-05-19","result":""}]',NULL,'2026-05-19 00:57:24');
INSERT INTO "applications" ("id","student_id","company_name","job_title","hojin_number","status","current_step","steps_json","memo","updated_at") VALUES(130,'24JZ0136','株式会社アスパーク',NULL,'3120001112093','選考中','未着手','[{"name":"1次選考","date":"2026-05-19","result":""}]',NULL,'2026-05-19 00:57:56');
INSERT INTO "applications" ("id","student_id","company_name","job_title","hojin_number","status","current_step","steps_json","memo","updated_at") VALUES(131,'24JZ0136','株式会社アクセスネット',NULL,'1290001006025','選考中','未着手','[{"name":"人事面接","date":"2026-05-19","result":""}]',NULL,'2026-05-19 00:58:31');
INSERT INTO "applications" ("id","student_id","company_name","job_title","hojin_number","status","current_step","steps_json","memo","updated_at") VALUES(132,'24JZ0136','株式会社トスバックシステムズ',NULL,'5470001002992','選考中','未着手','[{"name":"筆記試験","date":"2026-05-20","result":""},{"name":"","date":"2026-05-19","result":""},{"name":"","date":"2026-05-19","result":""},{"name":"","date":"2026-05-19","result":""}]',NULL,'2026-05-19 01:00:28');
CREATE TABLE mail_templates (
  key TEXT PRIMARY KEY,
  value TEXT NOT NULL
);
INSERT INTO "mail_templates" ("key","value") VALUES('tplStudentSubject','【就活状況確認】{date}時点の進捗状況（学籍番号: {id}）');
INSERT INTO "mail_templates" ("key","value") VALUES('tplStudentBody',replace('{name} さん\n（学籍番号: {id}）\n\nお疲れ様です。担任の松谷です。\n\nシステム上の {date} 時点での就職活動状況を確認しました。\n現在の登録内容は以下の通りです。\n\n■ 選考中・予定（合計 {active_count} 件）\n{active_list}\n\n■ 内定先（合計 {offer_count} 件）\n{offer_list}\n\n選考状況や内容に間違い・変更がないか確認してください。また、未登録の企業がある場合も必ず更新してください。\n\n進捗や状態に変更があった場合は、速やかに下記URLより最新状態へ更新をお願いします。\n\nhttps://yojitsu-app.dear-old-days.workers.dev/\n\n引き続き、計画的に進めていきましょう。','\n',char(10)));
INSERT INTO "mail_templates" ("key","value") VALUES('tplParent0Subject','【日本電子専門学校】{name} さんの就職活動進捗状況について（{date}時点）');
INSERT INTO "mail_templates" ("key","value") VALUES('tplParent0Body',replace('{name} さんの保護者様\n\nいつも大変お世話になっております。日本電子専門学校 担任の松谷です。\n\n本校では現在、学生一人ひとりの希望進路実現に向けて、就職活動状況の確認および個別指導を継続して行っております。\n\nシステム上の登録情報を確認しましたところ、本日（{date}）時点での {name} さんの活動状況を確認しております。\n\n現在、選考中または受験予定の企業が【0社】となっており、次の選考予定が入っていない状況となっております。\n\n就職活動では、活動が一時的に止まってしまうことで不安や焦りが大きくなるケースもあるため、学校としても早めのサポートが重要であると考えております。\n\n担任として、本人との面談を行いながら、求人紹介・応募先検討・履歴書添削等の支援を進めてまいります。\n\nご家庭におかれましても、最近のご様子や進路について、ぜひ一度お話しいただけますと幸いです。\nまた、ご不安な点やお困りごと等ございましたら、担任までお気軽にご相談ください。\n\nなお、本人へは、活動状況に変化があった際には速やかに学校への報告およびシステム更新を行うよう継続して指導しております。\n\n今後も、ご家庭と学校とで連携を取りながら、本人の進路実現に向けて全力でサポートしてまいります。\n\n引き続き、どうぞよろしくお願い申し上げます。','\n',char(10)));
INSERT INTO "mail_templates" ("key","value") VALUES('tplParent1Subject','【日本電子専門学校】{name} さんの就職活動進捗状況について（{date}時点）');
INSERT INTO "mail_templates" ("key","value") VALUES('tplParent1Body',replace('{name} さんの保護者様\n\nいつも大変お世話になっております。日本電子専門学校 担任の松谷です。\n\n本校では現在、学生一人ひとりの希望進路実現に向けて、就職活動状況の確認および個別指導を行っております。\n\nシステム上の登録情報を確認しましたところ、本日（{date}）時点での {name} さんの活動状況を確認しております。\n\n現在、選考中あるいは受験予定の企業が【{active_count}社】となっております。\n\n選考が進んでいることは大変良い状況ではございますが、就職活動では並行している企業数が少ない場合、結果次第で活動が停滞してしまう可能性もございます。\n\nそのため、本校では、継続的に就職活動を進められるよう、並行してあと1〜2社程度エントリー先を増やすよう指導しております。\n\nご家庭におかれましても、「最近の就職活動はどう？」など、前向きにお声がけいただきながら、健康面も含めて見守っていただけますと幸いです。\n\nなお、学生本人には、活動状況や進捗に変化があった際には、速やかに学校への報告およびシステム更新を行うよう継続して指導しております。\n\n今後とも、ご家庭と学校とで連携を取りながら、本人の進路実現に向けて全力でサポートしてまいります。\n\n引き続き、どうぞよろしくお願い申し上げます。','\n',char(10)));
INSERT INTO "mail_templates" ("key","value") VALUES('tplParent3Subject','【日本電子専門学校】{name} さんの就職活動進捗状況について（{date}時点）');
INSERT INTO "mail_templates" ("key","value") VALUES('tplParent3Body',replace('{name} さんの保護者様\n\nいつも大変お世話になっております。日本電子専門学校 担任の松谷です。\n\n本校では現在、学生一人ひとりの希望進路実現に向けて、就職活動状況の確認および個別指導を行っております。\n\nシステム上の登録情報を確認しましたところ、本日（{date}）時点での {name} さんの活動状況を確認しております。\n\n現在、選考中あるいは受験予定の企業が【{active_count}社】あり、積極的に就職活動へ取り組まれております。\n\n複数の選考を並行して進める中で、本人なりに緊張や疲れを感じる時期でもあるかと思いますが、前向きに活動を継続しておりますので、どうぞご安心ください。\n\nご家庭におかれましても、日頃の努力をぜひねぎらっていただきながら、体調面にもご配慮いただき、温かく見守っていただけますと幸いです。\n\nなお、学生本人には、活動状況や進捗に変化があった際には、速やかに学校への報告およびシステム更新を行うよう継続して指導しております。\n\n今後とも、ご家庭と学校とで連携を取りながら、本人の進路実現に向けて全力でサポートしてまいります。\n\n引き続き、どうぞよろしくお願い申し上げます。','\n',char(10)));
DELETE FROM sqlite_sequence;
INSERT INTO "sqlite_sequence" ("name","seq") VALUES('applications',132);
